Title,URL
Sieve (YC W22) Is hiring engineers to build AI [video] developer tools,https://www.sievedata.com/
Emerge Tools (YC W21) is hiring a senior front end engineer,https://www.emergetools.com/careers/jobs/senior-frontend-engineer
Nango (YC W23) Is Hiring a Product Engineer (Remote),https://www.nango.dev/jobs
Infisical (YC W23) Is Hiring Full Stack Engineer (Remote),https://www.ycombinator.com/companies/infisical/jobs/HD8NQOP-full-stack-engineer
GoGoGrandparent (YC S16) Is Hiring Back End and Full-Stack Engineers,https://news.ycombinator.com/item?id=41292692
Bitmovin (YC S15) Is Hiring Software Engineers in Austria,https://bitmovin.com/careers
Ashby (YC W19) Is Hiring Engineers Who Can Design,https://www.ashbyhq.com/careers?utm_source=hn&ashby_jid=145ff46b-1441-4773-bcd3-c8c90baa598a
Continue (YC S23) Is Hiring a Software Engineer in San Francisco,https://www.ycombinator.com/companies/continue/jobs/smcxRnM-software-engineer
"Seam (YC S20) Is Hiring a Mobile SDK Engineer (iOS, Android)",https://www.workatastartup.com/jobs/67744
Aviator (YC S21) Is Hiring Engineers to Build DevEx Platform,https://www.ycombinator.com/companies/aviator/jobs
Imbue (Formerly Generally Intelligent) (YC S17) Is Hiring an Engineering Manager,https://news.ycombinator.com/item?id=41260321
Circle Medical (YC S15) Is Hiring Ruby/Rails Engineers in Montreal,https://jobs.lever.co/circlemedical/980b39bf-38a3-4b0d-802c-442394b48bf2
Retell AI (YC W24) is hiring a full stack engineer and a support engineer,https://news.ycombinator.com/item?id=41237200
PermitFlow (YC W22) Is Hiring Senior/Staff+ Engineers and Designers in NYC,https://jobs.ashbyhq.com/permitflow?departmentId=d33195eb-8978-4439-abc6-5a8a072de808
OneText (YC W23) is hiring a lead TypeScript/Node engineer,https://gist.github.com/bluepnume/8f2376b0893bc6b85564e7359359ecd4
Substack (YC W18) Is Hiring Machine Learning Engineers,https://grnh.se/d034f1ba5us
GCVR (YC W22) Is Hiring Lead Animation Engineer,https://www.ycombinator.com/companies/gym-class-by-irl-studios/jobs/7UKmLED-lead-animation-engineer
Tesorio (YC S15) Is Hiring a Senior GenAI/LLM Engineer (100% Remote),https://www.tesorio.com/careers#job-openings
Sieve (YC W22) Is hiring engineers to build AI [video] developer tools,https://www.sievedata.com/,6 hours ago
Emerge Tools (YC W21) is hiring a senior front end engineer,https://www.emergetools.com/careers/jobs/senior-frontend-engineer,21 hours ago
Nango (YC W23) Is Hiring a Product Engineer (Remote),https://www.nango.dev/jobs,1 day ago
Infisical (YC W23) Is Hiring Full Stack Engineer (Remote),https://www.ycombinator.com/companies/infisical/jobs/HD8NQOP-full-stack-engineer,1 day ago
GoGoGrandparent (YC S16) Is Hiring Back End and Full-Stack Engineers,https://news.ycombinator.com/item?id=41292692,2 days ago
Bitmovin (YC S15) Is Hiring Software Engineers in Austria,https://bitmovin.com/careers,2 days ago
Ashby (YC W19) Is Hiring Engineers Who Can Design,https://www.ashbyhq.com/careers?utm_source=hn&ashby_jid=145ff46b-1441-4773-bcd3-c8c90baa598a,3 days ago
Continue (YC S23) Is Hiring a Software Engineer in San Francisco,https://www.ycombinator.com/companies/continue/jobs/smcxRnM-software-engineer,3 days ago
"Seam (YC S20) Is Hiring a Mobile SDK Engineer (iOS, Android)",https://www.workatastartup.com/jobs/67744,4 days ago
Aviator (YC S21) Is Hiring Engineers to Build DevEx Platform,https://www.ycombinator.com/companies/aviator/jobs,5 days ago
Imbue (Formerly Generally Intelligent) (YC S17) Is Hiring an Engineering Manager,https://news.ycombinator.com/item?id=41260321,5 days ago
Circle Medical (YC S15) Is Hiring Ruby/Rails Engineers in Montreal,https://jobs.lever.co/circlemedical/980b39bf-38a3-4b0d-802c-442394b48bf2,7 days ago
Retell AI (YC W24) is hiring a full stack engineer and a support engineer,https://news.ycombinator.com/item?id=41237200,8 days ago
PermitFlow (YC W22) Is Hiring Senior/Staff+ Engineers and Designers in NYC,https://jobs.ashbyhq.com/permitflow?departmentId=d33195eb-8978-4439-abc6-5a8a072de808,9 days ago
OneText (YC W23) is hiring a lead TypeScript/Node engineer,https://gist.github.com/bluepnume/8f2376b0893bc6b85564e7359359ecd4,11 days ago
Substack (YC W18) Is Hiring Machine Learning Engineers,https://grnh.se/d034f1ba5us,11 days ago
GCVR (YC W22) Is Hiring Lead Animation Engineer,https://www.ycombinator.com/companies/gym-class-by-irl-studios/jobs/7UKmLED-lead-animation-engineer,11 days ago
Tesorio (YC S15) Is Hiring a Senior GenAI/LLM Engineer (100% Remote),https://www.tesorio.com/careers#job-openings,11 days ago
Sieve (YC W22) Is hiring engineers to build AI [video] developer tools,https://www.sievedata.com/,6 hours ago
Emerge Tools (YC W21) is hiring a senior front end engineer,https://www.emergetools.com/careers/jobs/senior-frontend-engineer,21 hours ago
Nango (YC W23) Is Hiring a Product Engineer (Remote),https://www.nango.dev/jobs,1 day ago
Infisical (YC W23) Is Hiring Full Stack Engineer (Remote),https://www.ycombinator.com/companies/infisical/jobs/HD8NQOP-full-stack-engineer,1 day ago
GoGoGrandparent (YC S16) Is Hiring Back End and Full-Stack Engineers,https://news.ycombinator.com/item?id=41292692,2 days ago
Bitmovin (YC S15) Is Hiring Software Engineers in Austria,https://bitmovin.com/careers,2 days ago
Ashby (YC W19) Is Hiring Engineers Who Can Design,https://www.ashbyhq.com/careers?utm_source=hn&ashby_jid=145ff46b-1441-4773-bcd3-c8c90baa598a,3 days ago
Continue (YC S23) Is Hiring a Software Engineer in San Francisco,https://www.ycombinator.com/companies/continue/jobs/smcxRnM-software-engineer,3 days ago
"Seam (YC S20) Is Hiring a Mobile SDK Engineer (iOS, Android)",https://www.workatastartup.com/jobs/67744,4 days ago
Aviator (YC S21) Is Hiring Engineers to Build DevEx Platform,https://www.ycombinator.com/companies/aviator/jobs,5 days ago
Imbue (Formerly Generally Intelligent) (YC S17) Is Hiring an Engineering Manager,https://news.ycombinator.com/item?id=41260321,5 days ago
Circle Medical (YC S15) Is Hiring Ruby/Rails Engineers in Montreal,https://jobs.lever.co/circlemedical/980b39bf-38a3-4b0d-802c-442394b48bf2,7 days ago
Retell AI (YC W24) is hiring a full stack engineer and a support engineer,https://news.ycombinator.com/item?id=41237200,8 days ago
PermitFlow (YC W22) Is Hiring Senior/Staff+ Engineers and Designers in NYC,https://jobs.ashbyhq.com/permitflow?departmentId=d33195eb-8978-4439-abc6-5a8a072de808,9 days ago
OneText (YC W23) is hiring a lead TypeScript/Node engineer,https://gist.github.com/bluepnume/8f2376b0893bc6b85564e7359359ecd4,11 days ago
Substack (YC W18) Is Hiring Machine Learning Engineers,https://grnh.se/d034f1ba5us,11 days ago
GCVR (YC W22) Is Hiring Lead Animation Engineer,https://www.ycombinator.com/companies/gym-class-by-irl-studios/jobs/7UKmLED-lead-animation-engineer,11 days ago
Tesorio (YC S15) Is Hiring a Senior GenAI/LLM Engineer (100% Remote),https://www.tesorio.com/careers#job-openings,11 days ago
Sieve (YC W22) Is hiring engineers to build AI [video] developer tools,https://www.sievedata.com/,6 hours ago
Emerge Tools (YC W21) is hiring a senior front end engineer,https://www.emergetools.com/careers/jobs/senior-frontend-engineer,21 hours ago
Nango (YC W23) Is Hiring a Product Engineer (Remote),https://www.nango.dev/jobs,1 day ago
Infisical (YC W23) Is Hiring Full Stack Engineer (Remote),https://www.ycombinator.com/companies/infisical/jobs/HD8NQOP-full-stack-engineer,1 day ago
GoGoGrandparent (YC S16) Is Hiring Back End and Full-Stack Engineers,https://news.ycombinator.com/item?id=41292692,2 days ago
Bitmovin (YC S15) Is Hiring Software Engineers in Austria,https://bitmovin.com/careers,2 days ago
Ashby (YC W19) Is Hiring Engineers Who Can Design,https://www.ashbyhq.com/careers?utm_source=hn&ashby_jid=145ff46b-1441-4773-bcd3-c8c90baa598a,3 days ago
Continue (YC S23) Is Hiring a Software Engineer in San Francisco,https://www.ycombinator.com/companies/continue/jobs/smcxRnM-software-engineer,3 days ago
"Seam (YC S20) Is Hiring a Mobile SDK Engineer (iOS, Android)",https://www.workatastartup.com/jobs/67744,4 days ago
Aviator (YC S21) Is Hiring Engineers to Build DevEx Platform,https://www.ycombinator.com/companies/aviator/jobs,5 days ago
Imbue (Formerly Generally Intelligent) (YC S17) Is Hiring an Engineering Manager,https://news.ycombinator.com/item?id=41260321,5 days ago
Circle Medical (YC S15) Is Hiring Ruby/Rails Engineers in Montreal,https://jobs.lever.co/circlemedical/980b39bf-38a3-4b0d-802c-442394b48bf2,7 days ago
Retell AI (YC W24) is hiring a full stack engineer and a support engineer,https://news.ycombinator.com/item?id=41237200,8 days ago
PermitFlow (YC W22) Is Hiring Senior/Staff+ Engineers and Designers in NYC,https://jobs.ashbyhq.com/permitflow?departmentId=d33195eb-8978-4439-abc6-5a8a072de808,9 days ago
OneText (YC W23) is hiring a lead TypeScript/Node engineer,https://gist.github.com/bluepnume/8f2376b0893bc6b85564e7359359ecd4,11 days ago
Substack (YC W18) Is Hiring Machine Learning Engineers,https://grnh.se/d034f1ba5us,11 days ago
GCVR (YC W22) Is Hiring Lead Animation Engineer,https://www.ycombinator.com/companies/gym-class-by-irl-studios/jobs/7UKmLED-lead-animation-engineer,11 days ago
Tesorio (YC S15) Is Hiring a Senior GenAI/LLM Engineer (100% Remote),https://www.tesorio.com/careers#job-openings,11 days ago
Sieve (YC W22) Is hiring engineers to build AI [video] developer tools,https://www.sievedata.com/,6 hours ago
Emerge Tools (YC W21) is hiring a senior front end engineer,https://www.emergetools.com/careers/jobs/senior-frontend-engineer,21 hours ago
Nango (YC W23) Is Hiring a Product Engineer (Remote),https://www.nango.dev/jobs,1 day ago
Infisical (YC W23) Is Hiring Full Stack Engineer (Remote),https://www.ycombinator.com/companies/infisical/jobs/HD8NQOP-full-stack-engineer,1 day ago
GoGoGrandparent (YC S16) Is Hiring Back End and Full-Stack Engineers,https://news.ycombinator.com/item?id=41292692,2 days ago
Bitmovin (YC S15) Is Hiring Software Engineers in Austria,https://bitmovin.com/careers,2 days ago
Ashby (YC W19) Is Hiring Engineers Who Can Design,https://www.ashbyhq.com/careers?utm_source=hn&ashby_jid=145ff46b-1441-4773-bcd3-c8c90baa598a,3 days ago
Continue (YC S23) Is Hiring a Software Engineer in San Francisco,https://www.ycombinator.com/companies/continue/jobs/smcxRnM-software-engineer,3 days ago
"Seam (YC S20) Is Hiring a Mobile SDK Engineer (iOS, Android)",https://www.workatastartup.com/jobs/67744,4 days ago
Aviator (YC S21) Is Hiring Engineers to Build DevEx Platform,https://www.ycombinator.com/companies/aviator/jobs,5 days ago
Imbue (Formerly Generally Intelligent) (YC S17) Is Hiring an Engineering Manager,https://news.ycombinator.com/item?id=41260321,5 days ago
Circle Medical (YC S15) Is Hiring Ruby/Rails Engineers in Montreal,https://jobs.lever.co/circlemedical/980b39bf-38a3-4b0d-802c-442394b48bf2,7 days ago
Retell AI (YC W24) is hiring a full stack engineer and a support engineer,https://news.ycombinator.com/item?id=41237200,8 days ago
PermitFlow (YC W22) Is Hiring Senior/Staff+ Engineers and Designers in NYC,https://jobs.ashbyhq.com/permitflow?departmentId=d33195eb-8978-4439-abc6-5a8a072de808,9 days ago
OneText (YC W23) is hiring a lead TypeScript/Node engineer,https://gist.github.com/bluepnume/8f2376b0893bc6b85564e7359359ecd4,11 days ago
Substack (YC W18) Is Hiring Machine Learning Engineers,https://grnh.se/d034f1ba5us,11 days ago
GCVR (YC W22) Is Hiring Lead Animation Engineer,https://www.ycombinator.com/companies/gym-class-by-irl-studios/jobs/7UKmLED-lead-animation-engineer,11 days ago
Tesorio (YC S15) Is Hiring a Senior GenAI/LLM Engineer (100% Remote),https://www.tesorio.com/careers#job-openings,11 days ago
Sieve (YC W22) Is hiring engineers to build AI [video] developer tools,https://www.sievedata.com/,12 hours ago
Emerge Tools (YC W21) is hiring a senior front end engineer,https://www.emergetools.com/careers/jobs/senior-frontend-engineer,1 day ago
Nango (YC W23) Is Hiring a Product Engineer (Remote),https://www.nango.dev/jobs,1 day ago
Infisical (YC W23) Is Hiring Full Stack Engineer (Remote),https://www.ycombinator.com/companies/infisical/jobs/HD8NQOP-full-stack-engineer,1 day ago
GoGoGrandparent (YC S16) Is Hiring Back End and Full-Stack Engineers,https://news.ycombinator.com/item?id=41292692,2 days ago
Bitmovin (YC S15) Is Hiring Software Engineers in Austria,https://bitmovin.com/careers,2 days ago
Ashby (YC W19) Is Hiring Engineers Who Can Design,https://www.ashbyhq.com/careers?utm_source=hn&ashby_jid=145ff46b-1441-4773-bcd3-c8c90baa598a,3 days ago
Continue (YC S23) Is Hiring a Software Engineer in San Francisco,https://www.ycombinator.com/companies/continue/jobs/smcxRnM-software-engineer,4 days ago
"Seam (YC S20) Is Hiring a Mobile SDK Engineer (iOS, Android)",https://www.workatastartup.com/jobs/67744,4 days ago
Aviator (YC S21) Is Hiring Engineers to Build DevEx Platform,https://www.ycombinator.com/companies/aviator/jobs,5 days ago
Imbue (Formerly Generally Intelligent) (YC S17) Is Hiring an Engineering Manager,https://news.ycombinator.com/item?id=41260321,6 days ago
Circle Medical (YC S15) Is Hiring Ruby/Rails Engineers in Montreal,https://jobs.lever.co/circlemedical/980b39bf-38a3-4b0d-802c-442394b48bf2,7 days ago
Retell AI (YC W24) is hiring a full stack engineer and a support engineer,https://news.ycombinator.com/item?id=41237200,8 days ago
PermitFlow (YC W22) Is Hiring Senior/Staff+ Engineers and Designers in NYC,https://jobs.ashbyhq.com/permitflow?departmentId=d33195eb-8978-4439-abc6-5a8a072de808,9 days ago
OneText (YC W23) is hiring a lead TypeScript/Node engineer,https://gist.github.com/bluepnume/8f2376b0893bc6b85564e7359359ecd4,11 days ago
Substack (YC W18) Is Hiring Machine Learning Engineers,https://grnh.se/d034f1ba5us,11 days ago
GCVR (YC W22) Is Hiring Lead Animation Engineer,https://www.ycombinator.com/companies/gym-class-by-irl-studios/jobs/7UKmLED-lead-animation-engineer,11 days ago
Sieve (YC W22) Is hiring engineers to build AI [video] developer tools,https://www.sievedata.com/,12 hours ago
Emerge Tools (YC W21) is hiring a senior front end engineer,https://www.emergetools.com/careers/jobs/senior-frontend-engineer,1 day ago
Nango (YC W23) Is Hiring a Product Engineer (Remote),https://www.nango.dev/jobs,1 day ago
Infisical (YC W23) Is Hiring Full Stack Engineer (Remote),https://www.ycombinator.com/companies/infisical/jobs/HD8NQOP-full-stack-engineer,1 day ago
GoGoGrandparent (YC S16) Is Hiring Back End and Full-Stack Engineers,https://news.ycombinator.com/item?id=41292692,2 days ago
Bitmovin (YC S15) Is Hiring Software Engineers in Austria,https://bitmovin.com/careers,2 days ago
Ashby (YC W19) Is Hiring Engineers Who Can Design,https://www.ashbyhq.com/careers?utm_source=hn&ashby_jid=145ff46b-1441-4773-bcd3-c8c90baa598a,3 days ago
Continue (YC S23) Is Hiring a Software Engineer in San Francisco,https://www.ycombinator.com/companies/continue/jobs/smcxRnM-software-engineer,4 days ago
"Seam (YC S20) Is Hiring a Mobile SDK Engineer (iOS, Android)",https://www.workatastartup.com/jobs/67744,4 days ago
Aviator (YC S21) Is Hiring Engineers to Build DevEx Platform,https://www.ycombinator.com/companies/aviator/jobs,5 days ago
Imbue (Formerly Generally Intelligent) (YC S17) Is Hiring an Engineering Manager,https://news.ycombinator.com/item?id=41260321,6 days ago
Circle Medical (YC S15) Is Hiring Ruby/Rails Engineers in Montreal,https://jobs.lever.co/circlemedical/980b39bf-38a3-4b0d-802c-442394b48bf2,7 days ago
Retell AI (YC W24) is hiring a full stack engineer and a support engineer,https://news.ycombinator.com/item?id=41237200,8 days ago
PermitFlow (YC W22) Is Hiring Senior/Staff+ Engineers and Designers in NYC,https://jobs.ashbyhq.com/permitflow?departmentId=d33195eb-8978-4439-abc6-5a8a072de808,9 days ago
OneText (YC W23) is hiring a lead TypeScript/Node engineer,https://gist.github.com/bluepnume/8f2376b0893bc6b85564e7359359ecd4,11 days ago
Substack (YC W18) Is Hiring Machine Learning Engineers,https://grnh.se/d034f1ba5us,11 days ago
GCVR (YC W22) Is Hiring Lead Animation Engineer,https://www.ycombinator.com/companies/gym-class-by-irl-studios/jobs/7UKmLED-lead-animation-engineer,11 days ago
Sieve (YC W22) Is hiring engineers to build AI [video] developer tools,https://www.sievedata.com/,12 hours ago
Emerge Tools (YC W21) is hiring a senior front end engineer,https://www.emergetools.com/careers/jobs/senior-frontend-engineer,1 day ago
Nango (YC W23) Is Hiring a Product Engineer (Remote),https://www.nango.dev/jobs,1 day ago
Infisical (YC W23) Is Hiring Full Stack Engineer (Remote),https://www.ycombinator.com/companies/infisical/jobs/HD8NQOP-full-stack-engineer,1 day ago
GoGoGrandparent (YC S16) Is Hiring Back End and Full-Stack Engineers,https://news.ycombinator.com/item?id=41292692,2 days ago
Bitmovin (YC S15) Is Hiring Software Engineers in Austria,https://bitmovin.com/careers,2 days ago
Ashby (YC W19) Is Hiring Engineers Who Can Design,https://www.ashbyhq.com/careers?utm_source=hn&ashby_jid=145ff46b-1441-4773-bcd3-c8c90baa598a,3 days ago
Continue (YC S23) Is Hiring a Software Engineer in San Francisco,https://www.ycombinator.com/companies/continue/jobs/smcxRnM-software-engineer,4 days ago
"Seam (YC S20) Is Hiring a Mobile SDK Engineer (iOS, Android)",https://www.workatastartup.com/jobs/67744,4 days ago
Aviator (YC S21) Is Hiring Engineers to Build DevEx Platform,https://www.ycombinator.com/companies/aviator/jobs,5 days ago
Imbue (Formerly Generally Intelligent) (YC S17) Is Hiring an Engineering Manager,https://news.ycombinator.com/item?id=41260321,6 days ago
Circle Medical (YC S15) Is Hiring Ruby/Rails Engineers in Montreal,https://jobs.lever.co/circlemedical/980b39bf-38a3-4b0d-802c-442394b48bf2,7 days ago
Retell AI (YC W24) is hiring a full stack engineer and a support engineer,https://news.ycombinator.com/item?id=41237200,8 days ago
PermitFlow (YC W22) Is Hiring Senior/Staff+ Engineers and Designers in NYC,https://jobs.ashbyhq.com/permitflow?departmentId=d33195eb-8978-4439-abc6-5a8a072de808,9 days ago
OneText (YC W23) is hiring a lead TypeScript/Node engineer,https://gist.github.com/bluepnume/8f2376b0893bc6b85564e7359359ecd4,11 days ago
Substack (YC W18) Is Hiring Machine Learning Engineers,https://grnh.se/d034f1ba5us,11 days ago
GCVR (YC W22) Is Hiring Lead Animation Engineer,https://www.ycombinator.com/companies/gym-class-by-irl-studios/jobs/7UKmLED-lead-animation-engineer,11 days ago
Sieve (YC W22) Is hiring engineers to build AI [video] developer tools,https://www.sievedata.com/,13 hours ago
Emerge Tools (YC W21) is hiring a senior front end engineer,https://www.emergetools.com/careers/jobs/senior-frontend-engineer,1 day ago
Nango (YC W23) Is Hiring a Product Engineer (Remote),https://www.nango.dev/jobs,1 day ago
Infisical (YC W23) Is Hiring Full Stack Engineer (Remote),https://www.ycombinator.com/companies/infisical/jobs/HD8NQOP-full-stack-engineer,2 days ago
GoGoGrandparent (YC S16) Is Hiring Back End and Full-Stack Engineers,https://news.ycombinator.com/item?id=41292692,2 days ago
Bitmovin (YC S15) Is Hiring Software Engineers in Austria,https://bitmovin.com/careers,2 days ago
Ashby (YC W19) Is Hiring Engineers Who Can Design,https://www.ashbyhq.com/careers?utm_source=hn&ashby_jid=145ff46b-1441-4773-bcd3-c8c90baa598a,3 days ago
Continue (YC S23) Is Hiring a Software Engineer in San Francisco,https://www.ycombinator.com/companies/continue/jobs/smcxRnM-software-engineer,4 days ago
"Seam (YC S20) Is Hiring a Mobile SDK Engineer (iOS, Android)",https://www.workatastartup.com/jobs/67744,4 days ago
Aviator (YC S21) Is Hiring Engineers to Build DevEx Platform,https://www.ycombinator.com/companies/aviator/jobs,5 days ago
Imbue (Formerly Generally Intelligent) (YC S17) Is Hiring an Engineering Manager,https://news.ycombinator.com/item?id=41260321,6 days ago
Circle Medical (YC S15) Is Hiring Ruby/Rails Engineers in Montreal,https://jobs.lever.co/circlemedical/980b39bf-38a3-4b0d-802c-442394b48bf2,7 days ago
Retell AI (YC W24) is hiring a full stack engineer and a support engineer,https://news.ycombinator.com/item?id=41237200,8 days ago
PermitFlow (YC W22) Is Hiring Senior/Staff+ Engineers and Designers in NYC,https://jobs.ashbyhq.com/permitflow?departmentId=d33195eb-8978-4439-abc6-5a8a072de808,9 days ago
OneText (YC W23) is hiring a lead TypeScript/Node engineer,https://gist.github.com/bluepnume/8f2376b0893bc6b85564e7359359ecd4,11 days ago
Substack (YC W18) Is Hiring Machine Learning Engineers,https://grnh.se/d034f1ba5us,11 days ago
GCVR (YC W22) Is Hiring Lead Animation Engineer,https://www.ycombinator.com/companies/gym-class-by-irl-studios/jobs/7UKmLED-lead-animation-engineer,12 days ago
Sieve (YC W22) Is hiring engineers to build AI [video] developer tools,https://www.sievedata.com/,13 hours ago
Emerge Tools (YC W21) is hiring a senior front end engineer,https://www.emergetools.com/careers/jobs/senior-frontend-engineer,1 day ago
Nango (YC W23) Is Hiring a Product Engineer (Remote),https://www.nango.dev/jobs,1 day ago
Infisical (YC W23) Is Hiring Full Stack Engineer (Remote),https://www.ycombinator.com/companies/infisical/jobs/HD8NQOP-full-stack-engineer,2 days ago
GoGoGrandparent (YC S16) Is Hiring Back End and Full-Stack Engineers,https://news.ycombinator.com/item?id=41292692,2 days ago
Bitmovin (YC S15) Is Hiring Software Engineers in Austria,https://bitmovin.com/careers,2 days ago
Ashby (YC W19) Is Hiring Engineers Who Can Design,https://www.ashbyhq.com/careers?utm_source=hn&ashby_jid=145ff46b-1441-4773-bcd3-c8c90baa598a,3 days ago
Continue (YC S23) Is Hiring a Software Engineer in San Francisco,https://www.ycombinator.com/companies/continue/jobs/smcxRnM-software-engineer,4 days ago
"Seam (YC S20) Is Hiring a Mobile SDK Engineer (iOS, Android)",https://www.workatastartup.com/jobs/67744,4 days ago
Aviator (YC S21) Is Hiring Engineers to Build DevEx Platform,https://www.ycombinator.com/companies/aviator/jobs,5 days ago
Imbue (Formerly Generally Intelligent) (YC S17) Is Hiring an Engineering Manager,https://news.ycombinator.com/item?id=41260321,6 days ago
Circle Medical (YC S15) Is Hiring Ruby/Rails Engineers in Montreal,https://jobs.lever.co/circlemedical/980b39bf-38a3-4b0d-802c-442394b48bf2,7 days ago
Retell AI (YC W24) is hiring a full stack engineer and a support engineer,https://news.ycombinator.com/item?id=41237200,8 days ago
PermitFlow (YC W22) Is Hiring Senior/Staff+ Engineers and Designers in NYC,https://jobs.ashbyhq.com/permitflow?departmentId=d33195eb-8978-4439-abc6-5a8a072de808,9 days ago
OneText (YC W23) is hiring a lead TypeScript/Node engineer,https://gist.github.com/bluepnume/8f2376b0893bc6b85564e7359359ecd4,11 days ago
Substack (YC W18) Is Hiring Machine Learning Engineers,https://grnh.se/d034f1ba5us,11 days ago
GCVR (YC W22) Is Hiring Lead Animation Engineer,https://www.ycombinator.com/companies/gym-class-by-irl-studios/jobs/7UKmLED-lead-animation-engineer,12 days ago
Sieve (YC W22) Is hiring engineers to build AI [video] developer tools,https://www.sievedata.com/,13 hours ago
Emerge Tools (YC W21) is hiring a senior front end engineer,https://www.emergetools.com/careers/jobs/senior-frontend-engineer,1 day ago
Nango (YC W23) Is Hiring a Product Engineer (Remote),https://www.nango.dev/jobs,1 day ago
Infisical (YC W23) Is Hiring Full Stack Engineer (Remote),https://www.ycombinator.com/companies/infisical/jobs/HD8NQOP-full-stack-engineer,2 days ago
GoGoGrandparent (YC S16) Is Hiring Back End and Full-Stack Engineers,https://news.ycombinator.com/item?id=41292692,2 days ago
Bitmovin (YC S15) Is Hiring Software Engineers in Austria,https://bitmovin.com/careers,2 days ago
Ashby (YC W19) Is Hiring Engineers Who Can Design,https://www.ashbyhq.com/careers?utm_source=hn&ashby_jid=145ff46b-1441-4773-bcd3-c8c90baa598a,3 days ago
Continue (YC S23) Is Hiring a Software Engineer in San Francisco,https://www.ycombinator.com/companies/continue/jobs/smcxRnM-software-engineer,4 days ago
"Seam (YC S20) Is Hiring a Mobile SDK Engineer (iOS, Android)",https://www.workatastartup.com/jobs/67744,4 days ago
Aviator (YC S21) Is Hiring Engineers to Build DevEx Platform,https://www.ycombinator.com/companies/aviator/jobs,5 days ago
Imbue (Formerly Generally Intelligent) (YC S17) Is Hiring an Engineering Manager,https://news.ycombinator.com/item?id=41260321,6 days ago
Circle Medical (YC S15) Is Hiring Ruby/Rails Engineers in Montreal,https://jobs.lever.co/circlemedical/980b39bf-38a3-4b0d-802c-442394b48bf2,7 days ago
Retell AI (YC W24) is hiring a full stack engineer and a support engineer,https://news.ycombinator.com/item?id=41237200,8 days ago
PermitFlow (YC W22) Is Hiring Senior/Staff+ Engineers and Designers in NYC,https://jobs.ashbyhq.com/permitflow?departmentId=d33195eb-8978-4439-abc6-5a8a072de808,9 days ago
OneText (YC W23) is hiring a lead TypeScript/Node engineer,https://gist.github.com/bluepnume/8f2376b0893bc6b85564e7359359ecd4,11 days ago
Substack (YC W18) Is Hiring Machine Learning Engineers,https://grnh.se/d034f1ba5us,11 days ago
GCVR (YC W22) Is Hiring Lead Animation Engineer,https://www.ycombinator.com/companies/gym-class-by-irl-studios/jobs/7UKmLED-lead-animation-engineer,12 days ago
Sieve (YC W22) Is hiring engineers to build AI [video] developer tools,https://www.sievedata.com/,18 hours ago
Emerge Tools (YC W21) is hiring a senior front end engineer,https://www.emergetools.com/careers/jobs/senior-frontend-engineer,1 day ago
Nango (YC W23) Is Hiring a Product Engineer (Remote),https://www.nango.dev/jobs,1 day ago
Infisical (YC W23) Is Hiring Full Stack Engineer (Remote),https://www.ycombinator.com/companies/infisical/jobs/HD8NQOP-full-stack-engineer,2 days ago
GoGoGrandparent (YC S16) Is Hiring Back End and Full-Stack Engineers,https://news.ycombinator.com/item?id=41292692,2 days ago
Bitmovin (YC S15) Is Hiring Software Engineers in Austria,https://bitmovin.com/careers,2 days ago
Ashby (YC W19) Is Hiring Engineers Who Can Design,https://www.ashbyhq.com/careers?utm_source=hn&ashby_jid=145ff46b-1441-4773-bcd3-c8c90baa598a,3 days ago
Continue (YC S23) Is Hiring a Software Engineer in San Francisco,https://www.ycombinator.com/companies/continue/jobs/smcxRnM-software-engineer,4 days ago
"Seam (YC S20) Is Hiring a Mobile SDK Engineer (iOS, Android)",https://www.workatastartup.com/jobs/67744,4 days ago
Aviator (YC S21) Is Hiring Engineers to Build DevEx Platform,https://www.ycombinator.com/companies/aviator/jobs,5 days ago
Imbue (Formerly Generally Intelligent) (YC S17) Is Hiring an Engineering Manager,https://news.ycombinator.com/item?id=41260321,6 days ago
Circle Medical (YC S15) Is Hiring Ruby/Rails Engineers in Montreal,https://jobs.lever.co/circlemedical/980b39bf-38a3-4b0d-802c-442394b48bf2,7 days ago
Retell AI (YC W24) is hiring a full stack engineer and a support engineer,https://news.ycombinator.com/item?id=41237200,8 days ago
PermitFlow (YC W22) Is Hiring Senior/Staff+ Engineers and Designers in NYC,https://jobs.ashbyhq.com/permitflow?departmentId=d33195eb-8978-4439-abc6-5a8a072de808,9 days ago
OneText (YC W23) is hiring a lead TypeScript/Node engineer,https://gist.github.com/bluepnume/8f2376b0893bc6b85564e7359359ecd4,11 days ago
Substack (YC W18) Is Hiring Machine Learning Engineers,https://grnh.se/d034f1ba5us,11 days ago
GCVR (YC W22) Is Hiring Lead Animation Engineer,https://www.ycombinator.com/companies/gym-class-by-irl-studios/jobs/7UKmLED-lead-animation-engineer,12 days ago
Sieve (YC W22) Is hiring engineers to build AI [video] developer tools,https://www.sievedata.com/,18 hours ago
Emerge Tools (YC W21) is hiring a senior front end engineer,https://www.emergetools.com/careers/jobs/senior-frontend-engineer,1 day ago
Nango (YC W23) Is Hiring a Product Engineer (Remote),https://www.nango.dev/jobs,1 day ago
Infisical (YC W23) Is Hiring Full Stack Engineer (Remote),https://www.ycombinator.com/companies/infisical/jobs/HD8NQOP-full-stack-engineer,2 days ago
GoGoGrandparent (YC S16) Is Hiring Back End and Full-Stack Engineers,https://news.ycombinator.com/item?id=41292692,2 days ago
Bitmovin (YC S15) Is Hiring Software Engineers in Austria,https://bitmovin.com/careers,2 days ago
Ashby (YC W19) Is Hiring Engineers Who Can Design,https://www.ashbyhq.com/careers?utm_source=hn&ashby_jid=145ff46b-1441-4773-bcd3-c8c90baa598a,3 days ago
Continue (YC S23) Is Hiring a Software Engineer in San Francisco,https://www.ycombinator.com/companies/continue/jobs/smcxRnM-software-engineer,4 days ago
"Seam (YC S20) Is Hiring a Mobile SDK Engineer (iOS, Android)",https://www.workatastartup.com/jobs/67744,4 days ago
Aviator (YC S21) Is Hiring Engineers to Build DevEx Platform,https://www.ycombinator.com/companies/aviator/jobs,5 days ago
Imbue (Formerly Generally Intelligent) (YC S17) Is Hiring an Engineering Manager,https://news.ycombinator.com/item?id=41260321,6 days ago
Circle Medical (YC S15) Is Hiring Ruby/Rails Engineers in Montreal,https://jobs.lever.co/circlemedical/980b39bf-38a3-4b0d-802c-442394b48bf2,7 days ago
Retell AI (YC W24) is hiring a full stack engineer and a support engineer,https://news.ycombinator.com/item?id=41237200,8 days ago
PermitFlow (YC W22) Is Hiring Senior/Staff+ Engineers and Designers in NYC,https://jobs.ashbyhq.com/permitflow?departmentId=d33195eb-8978-4439-abc6-5a8a072de808,9 days ago
OneText (YC W23) is hiring a lead TypeScript/Node engineer,https://gist.github.com/bluepnume/8f2376b0893bc6b85564e7359359ecd4,11 days ago
Substack (YC W18) Is Hiring Machine Learning Engineers,https://grnh.se/d034f1ba5us,11 days ago
GCVR (YC W22) Is Hiring Lead Animation Engineer,https://www.ycombinator.com/companies/gym-class-by-irl-studios/jobs/7UKmLED-lead-animation-engineer,12 days ago
